[{
  "id": "1-0-0" ,
  "appId": 170,
  "moduleID": 1,
  "order": 0,
  "columnNumber": 0,
  "parentGroup": "Daily Production",
  "subGroup": "ST" ,
  "subGroupDetail": "Stitched" ,
  "showFlag": true
},
{
  "id": "1-0-1" ,
  "appId": 170,
  "moduleID": 1,
  "order": 0,
  "columnNumber": 1,
  "parentGroup": "Daily Production",
  "subGroup": "FC" ,
  "subGroupDetail": "Forecast" ,
  "showFlag": true
},
{
  "id": "1-0-2" ,
  "appId": 170,
  "moduleID": 1,
  "order": 0,
  "columnNumber": 2,
  "parentGroup": "Daily Production",
  "subGroup": "FCH" ,
  "subGroupDetail": "Forecast History" ,
  "showFlag": true
},
{
  "id": "1-0-3" ,
  "appId": 170,
  "moduleID": 1,
  "order": 0,
  "columnNumber": 3,
  "parentGroup": "Daily Production",
  "subGroup": "AC" ,
  "subGroupDetail": "Actuals" ,
  "showFlag": true
},
{
  "id": "1-0-4" ,
  "appId": 170,
  "moduleID": 1,
  "order": 0,
  "columnNumber": 4,
  "parentGroup": "Daily Production",
  "subGroup": "CUM" ,
  "subGroupDetail": "Cumulative" ,
  "showFlag": true
},
{
  "id": "1-0-5" ,
  "appId": 170,
  "moduleID": 1,
  "order": 0,
  "columnNumber": 5,
  "parentGroup": "Daily Production",
  "subGroup": "/FT" ,
  "subGroupDetail": "Per Ft" ,
  "showFlag": true
},
{
  "id": "1-0-6" ,
  "appId": 170,
  "moduleID": 1,
  "order": 0,
  "columnNumber": 6,
  "parentGroup": "Daily Production",
  "subGroup": "CUM/FT" ,
  "subGroupDetail": "Cumulative Per Ft" ,
  "showFlag": true
}]