[
  {
    "id": 1,
    "type": "dotted",
    "thickness": 2,
    "opacity": 0.5,
    "colorPalette": "#FFFFFFF",
    "fontFamily": "Sans camila",
    "lightColor": "#FFFFFFF",
    "darkColor": "#0000000"
  },
  {
    "id": 2,
    "type": "straight",
    "thickness": 2,
    "opacity": 0.5,
    "colorPalette": "#FFFFFFF",
    "fontFamily": "Sans camila",
    "lightColor": "#FFFFFFF",
    "darkColor": "#0000000"
  },
  {
    "id":3,
    "type": "dashed",
    "thickness": 2,
    "opacity": 0.5,
    "colorPalette": "#FFFFFFF",
    "fontFamily": "Sans camila",
    "lightColor": "#FFFFFFF",
    "darkColor": "#0000000"
  },
  {
    "id":4,
    "type": "thin",
    "thickness": 2,
    "opacity": 0.5,
    "colorPalette": "#FFFFFFF",
    "fontFamily": "Sans camila",
    "lightColor": "#FFFFFFF",
    "darkColor": "#0000000"
  },
  {
    "id":5,
    "type": "dark",
    "thickness": 2,
    "opacity": 0.5,
    "colorPalette": "#FFFFFFF",
    "fontFamily": "Sans camila",
    "lightColor": "#FFFFFFF",
    "darkColor": "#0000000"
  },
  {
    "id":6,
    "type": "dotted",
    "thickness": 2,
    "opacity": 0.5,
    "colorPalette": "#FFFFFFF",
    "fontFamily": "Sans camila",
    "lightColor": "#FFFFFFF",
    "darkColor": "#0000000"
  }
]
