[
  {
    "id": 1,
    "streamAlias": "GROSS_OIL_PROD",
    "dbcolumn": "GROSS_OIL_PROD",
    "schema": "dbo.ie_cum",
    "schemaAlias": "dbc",
    "selectQuery": "GROSS_OIL_PROD ,GROSS_OIL_PROD2",
    "selectQueryAlias": "a,b",
    "fromQuery": "dbo.ie_eecolums",
    "tableAlias": "a",
    "innerJoinQuery": "innerjoin"
  },
  {
    "id": 2,
    "streamAlias": "STORED_OIL_FORECAST",
    "dbcolumn": "STORED_OIL_FORECAST",
    "schema": "dbo.ie_cum",
    "schemaAlias": "dbc",
    "selectQuery": "STORED_OIL_FORECAST ,STORED_OIL_FORECAST2",
    "selectQueryAlias": "a,b",
    "fromQuery": "dbo.ie_eecolum",
    "tableAlias": "a",
    "innerJoinQuery": "innerjoin"
  },
  {
    "id": 3,
    "streamAlias": "HISTORY_OIL_FORECAST",
    "dbcolumn": "HISTORY_OIL_FORECAST",
    "schema": "dbo.ie_cum",
    "schemaAlias": "dbc",
    "selectQuery": "HISTORY_OIL_FORECAST ,HISTORY_OIL_FORECAST2",
    "selectQueryAlias": "a,b",
    "fromQuery": "dbo.ie_eecolum",
    "tableAlias": "a",
    "innerJoinQuery": "innerjoin"
  },
  
  {
    "id": 4,
    "streamAlias": "GROSS_OIL_PROD_UNRISKED",
    "dbcolumn": "GROSS_OIL_PROD_UNRISKED",
    "schema": "dbo.ie_cum",
    "schemaAlias": "dbc",
    "selectQuery": "GROSS_OIL_PROD_UNRISKED ,GROSS_OIL_PROD_UNRISKED2",
    "selectQueryAlias": "a,b",
    "fromQuery": "dbo.ie_eecolum",
    "tableAlias": "a",
    "innerJoinQuery": "innerjoin"
  },
  
  {
    "id": 5,
    "streamAlias": "CUM_GROSS_OIL_PROD",
    "dbcolumn": "CUM_GROSS_OIL_PROD",
    "schema": "dbo.ie_cum",
    "schemaAlias": "dbc",
    "selectQuery": "CUM_GROSS_OIL_PROD ,CUM_GROSS_OIL_PROD",
    "selectQueryAlias": "a,b",
    "fromQuery": "dbo.ie_eecolum",
    "tableAlias": "a",
    "innerJoinQuery": "innerjoin"
  },
  
  {
    "id": 6,
    "streamAlias": "GROSS_OIL_PROD_PER_FT",
    "dbcolumn": "GROSS_OIL_PROD_PER_FT",
    "schema": "dbo.ie_cum",
    "schemaAlias": "dbc",
    "selectQuery": "GROSS_OIL_PROD_PER_FT ,GROSS_OIL_PROD_PER_FT2",
    "selectQueryAlias": "a,b",
    "fromQuery": "dbo.ie_eecolum",
    "tableAlias": "a",
    "innerJoinQuery": "innerjoin"
  },
  
  {
    "id": 7,
    "streamAlias": "GROSS_CUM_OIL_PROD_PER_FT",
    "dbcolumn": "GROSS_CUM_OIL_PROD_PER_FT",
    "schema": "dbo.ie_cum",
    "schemaAlias": "dbc",
    "selectQuery": "GROSS_CUM_OIL_PROD_PER_FT ,GROSS_CUM_OIL_PROD_PER_FT2",
    "selectQueryAlias": "a,b",
    "fromQuery": "dbo.ie_eecolum",
    "tableAlias": "a",
    "innerJoinQuery": "innerjoin"
  }
]
